{"option_set":"1","dynamic_style":true,"one_column":false,"one_column_color":"FFFFFF","one_column_logo":false,"one_column_margin":"30","is_sidebar_enabled":true,"content_width":"65","sidebar_width":"35","logo_menu_position":"left-right","bg_color":"FFFFFF","bg_image":"","bg_repeat":"repeat","header_bg_color":"F5F5F5","header_bg_image":"","header_bg_repeat":"repeat","container_color":"transparent","container_border":"0","container_border_color":"CCCCCC","font_color":"3e3e3e","font_size":"16","font_style":"Open Sans","p_line":"25","p_space":"25","h1_color":"3e3e3e","h1_size":"30","h1_font_style":"Open Sans","h1_font_case":"none","h1_font_weight":"bold","h1_font_align":"","h2_color":"3e3e3e","h2_size":"26","h2_font_style":"Open Sans","h2_font_case":"none","h2_font_weight":"bold","h3_color":"3e3e3e","h3_size":"24","h3_font_style":"Open Sans","h3_font_case":"none","h3_font_weight":"bold","h4_color":"3e3e3e","h4_size":"22","h4_font_style":"Open Sans","h4_font_case":"none","h4_font_weight":"bold","h5_color":"3e3e3e","h5_size":"20","h5_font_style":"Open Sans","h5_font_case":"none","h5_font_weight":"bold","link_color":"2B5780","link_hover_color":"266ead","link_hover_style":"underline","sidebar_font_color":"3e3e3e","sidebar_font_size":"16","sidebar_font_style":"Open Sans","sidebar_bg_color":"transparent","sidebar_link_color":"2B5780","sidebar_link_hover_color":"266ead","sidebar_link_hover_style":"none","sidebar_title_color":"3e3e3e","sidebar_title_size":"14","sidebar_title_style":"Open Sans","menu_style":"transparent","menu_color":"FFFFFF","menu_hover_color":"FFFFFF","menu_font_size":"14","menu_font_style":"Open Sans","menu_font_color":"3E3E3E","menu_font_hover_color":"2D73B6","menu_font_case":"uppercase","submenu_color":"ffffff","submenu_hover_color":"ffffff","submenu_font_size":"12","submenu_font_style":"Open Sans","submenu_font_color":"3e3e3e","submenu_font_hover_color":"2D73B6","submenu_font_case":"none","nextgen_border":"5","nextgen_border_color":"CCCCCC","custom_sidebar_position":"ABOVE","custom_css":"\/*----Add your custom css here to override our theme default styles-----------*\/","header_height":"140","header_logo_margin_above":"25","header_logo_margin_below":"10","title_size":"38","title_color":"3e3e3e","title_font_style":"","title_font_weight":"bold","title_style":"Open Sans","description_size":"16","description_color":"999999","description_style":"Open Sans","bg_top_offset":"0","container_padding":"0","footer_font":"16","footer_font_color":"999999","footer_widget_placement":"3","footer_background":"3E3E3E","footer_font_style":"Open Sans","footer_widget_title":"14","footer_widget_color":"ffffff","footer_widget_style":"Open Sans","footer_link_color":"999999","footer_link_hover_color":"ffffff","footer_link_hover_style":"none","footer_height":"430","page_comments":false,"is_third_party":false,"name":"preset-ten-stop","title":"Photocrati 10 Stop","font_italic":"normal","font_weight":"","font_decoration":"none","font_case":"none","h1_font_decoration":"none","h1_font_italic":"normal","h2_font_italic":"normal","h2_font_decoration":"none","h2_font_align":"","h3_font_italic":"","h3_font_decoration":"none","h3_font_align":"","h4_font_italic":"","h4_font_decoration":"none","h4_font_align":"","h5_font_italic":"","h5_font_decoration":"none","h5_font_align":"","sidebar_font_weight":"","sidebar_font_italic":"","sidebar_font_decoration":"none","sidebar_font_case":"none","sidebar_title_weight":"bold","sidebar_title_italic":"","sidebar_title_decoration":"none","sidebar_title_case":"uppercase","menu_font_weight":"bold","menu_font_italic":"","menu_font_decoration":"none","submenu_font_weight":"","submenu_font_italic":"","submenu_font_decoration":"none","custom_js":"","title_italic":"","title_decoration":"none","title_font_case":"none","description_font_weight":"","description_font_style":"normal","description_font_italic":"","description_font_decoration":"none","footer_font_weight":"","footer_font_italic":"","footer_font_case":"none","footer_font_decoration":"none","footer_widget_weight":"bold","footer_widget_italic":"","footer_widget_decoration":"none","footer_widget_case":"none","foo":"bar"}