{
    "kind": "webfonts#webfontList",
    "items": [

        {
            "kind": "webfonts#webfont",
            "family": "Abril Fatface",
            "variants": [
                "regular"
            ],
            "subsets": [
                "latin-ext",
                "latin"
            ],
            "version": "v5",
            "lastModified": "2012-07-25",
            "files": {
                "regular": "http://themes.googleusercontent.com/static/fonts/abrilfatface/v5/X1g_KwGeBV3ajZIXQ9VnDojjx0o0jr6fNXxPgYh_a8Q.ttf"
            }
        },


        {
            "kind": "webfonts#webfont",
            "family": "Archivo Black",
            "variants": [
                "regular"
            ],
            "subsets": [
                "latin-ext",
                "latin"
            ],
            "version": "v1",
            "lastModified": "2012-09-26",
            "files": {
                "regular": "http://themes.googleusercontent.com/static/fonts/archivoblack/v1/WoAoVT7K3k7hHfxKbvB6B51XQG8isOYYJhPIYAyrESQ.ttf"
            }
        },

        {
            "kind": "webfonts#webfont",
            "family": "Archivo Narrow",
            "variants": [
                "regular",
                "italic",
                "700",
                "700italic"
            ],
            "subsets": [
                "latin-ext",
                "latin"
            ],
            "version": "v2",
            "lastModified": "2012-12-17",
            "files": {
                "regular": "http://themes.googleusercontent.com/static/fonts/archivonarrow/v2/DsLzC9scoPnrGiwYYMQXppTvAuddT2xDMbdz0mdLyZY.ttf",
                "italic": "http://themes.googleusercontent.com/static/fonts/archivonarrow/v2/vqsrtPCpTU3tJlKfuXP5zUpmlyBQEFfdE6dERLXdQGQ.ttf",
                "700": "http://themes.googleusercontent.com/static/fonts/archivonarrow/v2/M__Wu4PAmHf4YZvQM8tWsMLtdzs3iyjn_YuT226ZsLU.ttf",
                "700italic": "http://themes.googleusercontent.com/static/fonts/archivonarrow/v2/wG6O733y5zHl4EKCOh8rSTg5KB8MNJ4uPAETq9naQO8.ttf"
            }
        },

        {
            "kind": "webfonts#webfont",
            "family": "Alegreya",
            "variants": [
                "regular",
                "italic",
                "700",
                "700italic",
                "900",
                "900italic"
            ],
            "subsets": [
                "latin-ext",
                "latin"
            ],
            "version": "v4",
            "lastModified": "2012-08-08",
            "files": {
                "regular": "http://themes.googleusercontent.com/static/fonts/alegreya/v4/62J3atXd6bvMU4qO_ca-eA.ttf",
                "italic": "http://themes.googleusercontent.com/static/fonts/alegreya/v4/cbshnQGxwmlHBjUil7DaIfesZW2xOQ-xsNqO47m55DA.ttf",
                "700": "http://themes.googleusercontent.com/static/fonts/alegreya/v4/5oZtdI5-wQwgAFrd9erCsaCWcynf_cDxXwCLxiixG1c.ttf",
                "700italic": "http://themes.googleusercontent.com/static/fonts/alegreya/v4/IWi8e5bpnqhMRsZKTcTUWgJKKGfqHaYFsRG-T3ceEVo.ttf",
                "900": "http://themes.googleusercontent.com/static/fonts/alegreya/v4/oQeMxX-vxGImzDgX6nxA7KCWcynf_cDxXwCLxiixG1c.ttf",
                "900italic": "http://themes.googleusercontent.com/static/fonts/alegreya/v4/-L71QLH_XqgYWaI1GbOVhp0EAVxt0G0biEntp43Qt6E.ttf"
            }
        },

        {
            "kind": "webfonts#webfont",
            "family": "Alegreya SC",
            "variants": [
                "regular",
                "italic",
                "700",
                "700italic",
                "900",
                "900italic"
            ],
            "subsets": [
                "latin-ext",
                "latin"
            ],
            "version": "v3",
            "lastModified": "2012-07-25",
            "files": {
                "regular": "http://themes.googleusercontent.com/static/fonts/alegreyasc/v3/3ozeFnTbygMK6PfHh8B-iqCWcynf_cDxXwCLxiixG1c.ttf",
                "italic": "http://themes.googleusercontent.com/static/fonts/alegreyasc/v3/GOqmv3FLsJ2r6ZALMZVBmkeOrDcLawS7-ssYqLr2Xp4.ttf",
                "700": "http://themes.googleusercontent.com/static/fonts/alegreyasc/v3/M9OIREoxDkvynwTpBAYUq3e1Pd76Vl7zRpE7NLJQ7XU.ttf",
                "700italic": "http://themes.googleusercontent.com/static/fonts/alegreyasc/v3/5PCoU7IUfCicpKBJtBmP6c_zJjSACmk0BRPxQqhnNLU.ttf",
                "900": "http://themes.googleusercontent.com/static/fonts/alegreyasc/v3/M9OIREoxDkvynwTpBAYUqyenaqEuufTBk9XMKnKmgDA.ttf",
                "900italic": "http://themes.googleusercontent.com/static/fonts/alegreyasc/v3/5PCoU7IUfCicpKBJtBmP6U_yTOUGsoC54csJe1b-IRw.ttf"
            }
        },

        {
            "kind": "webfonts#webfont",
            "family": "Alike",
            "variants": [
                "regular"
            ],
            "subsets": [
                "latin"
            ],
            "version": "v4",
            "lastModified": "2012-07-25",
            "files": {
                "regular": "http://themes.googleusercontent.com/static/fonts/alike/v4/Ho8YpRKNk_202fwDiGNIyw.ttf"
            }
        },

        {
            "kind": "webfonts#webfont",
            "family": "Allan",
            "variants": [
                "regular",
                "700"
            ],
            "subsets": [
                "latin-ext",
                "latin"
            ],
            "version": "v4",
            "lastModified": "2012-09-14",
            "files": {
                "regular": "http://themes.googleusercontent.com/static/fonts/allan/v4/T3lemhgZmLQkQI2Qc2bQHA.ttf",
                "700": "http://themes.googleusercontent.com/static/fonts/allan/v4/zSxQiwo7wgnr7KkMXhSiag.ttf"
            }
        },

        {
            "kind": "webfonts#webfont",
            "family": "Allerta",
            "variants": [
                "regular"
            ],
            "subsets": [
                "latin"
            ],
            "version": "v4",
            "lastModified": "2012-07-25",
            "files": {
                "regular": "http://themes.googleusercontent.com/static/fonts/allerta/v4/s9FOEuiJFTNbMe06ifzV8g.ttf"
            }
        },

        {
            "kind": "webfonts#webfont",
            "family": "Allerta Stencil",
            "variants": [
                "regular"
            ],
            "subsets": [
                "latin"
            ],
            "version": "v4",
            "lastModified": "2012-07-25",
            "files": {
                "regular": "http://themes.googleusercontent.com/static/fonts/allertastencil/v4/CdSZfRtHbQrBohqmzSdDYFf2eT4jUldwg_9fgfY_tHc.ttf"
            }
        },

        {
            "kind": "webfonts#webfont",
            "family": "Andada",
            "variants": [
                "regular"
            ],
            "subsets": [
                "latin-ext",
                "latin"
            ],
            "version": "v4",
            "lastModified": "2012-07-25",
            "files": {
                "regular": "http://themes.googleusercontent.com/static/fonts/andada/v4/rSFaDqNNQBRw3y19MB5Y4w.ttf"
            }
        },

        {
            "kind": "webfonts#webfont",
            "family": "Arbutus Slab",
            "variants": [
                "regular"
            ],
            "subsets": [
                "latin-ext",
                "latin"
            ],
            "version": "v1",
            "lastModified": "2012-09-26",
            "files": {
                "regular": "http://themes.googleusercontent.com/static/fonts/arbutusslab/v1/6k3Yp6iS9l4jRIpynA8qMy3USBnSvpkopQaUR-2r7iU.ttf"
            }
        },

        {
            "kind": "webfonts#webfont",
            "family": "Arimo",
            "variants": [
                "regular",
                "italic",
                "700",
                "700italic"
            ],
            "subsets": [
                "greek",
                "latin-ext",
                "latin",
                "vietnamese",
                "greek-ext",
                "cyrillic",
                "cyrillic-ext"
            ],
            "version": "v4",
            "lastModified": "2012-12-17",
            "files": {
                "regular": "http://themes.googleusercontent.com/static/fonts/arimo/v4/Gpeo80g-5ji2CcyXWnzh7g.ttf",
                "italic": "http://themes.googleusercontent.com/static/fonts/arimo/v4/_OdGbnX2-qQ96C4OjhyuPw.ttf",
                "700": "http://themes.googleusercontent.com/static/fonts/arimo/v4/ZItXugREyvV9LnbY_gxAmw.ttf",
                "700italic": "http://themes.googleusercontent.com/static/fonts/arimo/v4/__nOLWqmeXdhfr0g7GaFePesZW2xOQ-xsNqO47m55DA.ttf"
            }
        },

        {
            "kind": "webfonts#webfont",
            "family": "Arvo",
            "variants": [
                "regular",
                "italic",
                "700",
                "700italic"
            ],
            "subsets": [
                "latin"
            ],
            "version": "v5",
            "lastModified": "2012-07-25",
            "files": {
                "regular": "http://themes.googleusercontent.com/static/fonts/arvo/v5/vvWPwz-PlZEwjOOIKqoZzA.ttf",
                "italic": "http://themes.googleusercontent.com/static/fonts/arvo/v5/id5a4BCjbenl5Gkqonw_Rw.ttf",
                "700": "http://themes.googleusercontent.com/static/fonts/arvo/v5/OB3FDST7U38u3OjPK_vvRQ.ttf",
                "700italic": "http://themes.googleusercontent.com/static/fonts/arvo/v5/Hvl2MuWoXLaCy2v6MD4Yvw.ttf"
            }
        },

        {
            "kind": "webfonts#webfont",
            "family": "Average Sans",
            "variants": [
                "regular"
            ],
            "subsets": [
                "latin-ext",
                "latin"
            ],
            "version": "v1",
            "lastModified": "2012-11-28",
            "files": {
                "regular": "http://themes.googleusercontent.com/static/fonts/averagesans/v1/dnU3R-5A_43y5bIyLztPsS3USBnSvpkopQaUR-2r7iU.ttf"
            }
        },

        {
            "kind": "webfonts#webfont",
            "family": "Averia Serif Libre",
            "variants": [
                "300",
                "300italic",
                "regular",
                "italic",
                "700",
                "700italic"
            ],
            "subsets": [
                "latin"
            ],
            "version": "v2",
            "lastModified": "2012-07-25",
            "files": {
                "300": "http://themes.googleusercontent.com/static/fonts/averiaseriflibre/v2/yvITAdr5D1nlsdFswJAb8SmC4gFJ2PHmfdVKEd_5S9M.ttf",
                "300italic": "http://themes.googleusercontent.com/static/fonts/averiaseriflibre/v2/YOLFXyye4sZt6AZk1QybCG2okl0bU63CauowU4iApig.ttf",
                "regular": "http://themes.googleusercontent.com/static/fonts/averiaseriflibre/v2/fdtF30xa_Erw0zAzOoG4BZqY66i8AUyI16fGqw0iAew.ttf",
                "italic": "http://themes.googleusercontent.com/static/fonts/averiaseriflibre/v2/o9qhvK9iT5iDWfyhQUe-6Ru_b0bTq5iipbJ9hhgHJ6U.ttf",
                "700": "http://themes.googleusercontent.com/static/fonts/averiaseriflibre/v2/yvITAdr5D1nlsdFswJAb8Q50KV5TaOVolur4zV2iZsg.ttf",
                "700italic": "http://themes.googleusercontent.com/static/fonts/averiaseriflibre/v2/YOLFXyye4sZt6AZk1QybCNxohRXP4tNDqG3X4Hqn21k.ttf"
            }
        },

        {
            "kind": "webfonts#webfont",
            "family": "Bitter",
            "variants": [
                "regular",
                "italic",
                "700"
            ],
            "subsets": [
                "latin-ext",
                "latin"
            ],
            "version": "v4",
            "lastModified": "2012-07-25",
            "files": {
                "regular": "http://themes.googleusercontent.com/static/fonts/bitter/v4/w_BNdJvVZDRmqy5aSfB2kQ.ttf",
                "italic": "http://themes.googleusercontent.com/static/fonts/bitter/v4/TC0FZEVzXQIGgzmRfKPZbA.ttf",
                "700": "http://themes.googleusercontent.com/static/fonts/bitter/v4/4dUtr_4BvHuoRU35suyOAg.ttf"
            }
        },

        {
            "kind": "webfonts#webfont",
            "family": "Bree Serif",
            "variants": [
                "regular"
            ],
            "subsets": [
                "latin-ext",
                "latin"
            ],
            "version": "v2",
            "lastModified": "2012-07-25",
            "files": {
                "regular": "http://themes.googleusercontent.com/static/fonts/breeserif/v2/5h9crBVIrvZqgf34FHcnEfesZW2xOQ-xsNqO47m55DA.ttf"
            }
        },

        {
            "kind": "webfonts#webfont",
            "family": "Bonbon",
            "variants": [
                "regular"
            ],
            "subsets": [
                "latin"
            ],
            "version": "v2",
            "lastModified": "2012-07-25",
            "files": {
                "regular": "http://themes.googleusercontent.com/static/fonts/bonbon/v2/IW3u1yzG1knyW5oz0s9_6Q.ttf"
            }
        },

        {
            "kind": "webfonts#webfont",
            "family": "Bubblegum Sans",
            "variants": [
                "regular"
            ],
            "subsets": [
                "latin-ext",
                "latin"
            ],
            "version": "v2",
            "lastModified": "2012-07-25",
            "files": {
                "regular": "http://themes.googleusercontent.com/static/fonts/bubblegumsans/v2/Y9iTUUNz6lbl6TrvV4iwsytnKWgpfO2iSkLzTz-AABg.ttf"
            }
        },

        {
            "kind": "webfonts#webfont",
            "family": "Cabin",
            "variants": [
                "regular",
                "italic",
                "500",
                "500italic",
                "600",
                "600italic",
                "700",
                "700italic"
            ],
            "subsets": [
                "latin"
            ],
            "version": "v4",
            "lastModified": "2012-07-25",
            "files": {
                "regular": "http://themes.googleusercontent.com/static/fonts/cabin/v4/XeuAFYo2xAPHxZGBbQtHhA.ttf",
                "italic": "http://themes.googleusercontent.com/static/fonts/cabin/v4/0tJ9k3DI5xC4GBgs1E_Jxw.ttf",
                "500": "http://themes.googleusercontent.com/static/fonts/cabin/v4/HgsCQ-k3_Z_uQ86aFolNBg.ttf",
                "500italic": "http://themes.googleusercontent.com/static/fonts/cabin/v4/50sjhrGE0njyO-7mGDhGP_esZW2xOQ-xsNqO47m55DA.ttf",
                "600": "http://themes.googleusercontent.com/static/fonts/cabin/v4/eUDAvKhBtmTCkeVBsFk34A.ttf",
                "600italic": "http://themes.googleusercontent.com/static/fonts/cabin/v4/sFQpQDBd3G2om0Nl5dD2CvesZW2xOQ-xsNqO47m55DA.ttf",
                "700": "http://themes.googleusercontent.com/static/fonts/cabin/v4/4EKhProuY1hq_WCAomq9Dg.ttf",
                "700italic": "http://themes.googleusercontent.com/static/fonts/cabin/v4/K83QKi8MOKLEqj6bgZ7LrfesZW2xOQ-xsNqO47m55DA.ttf"
            }
        },

        {
            "kind": "webfonts#webfont",
            "family": "Cabin Sketch",
            "variants": [
                "regular",
                "700"
            ],
            "subsets": [
                "latin"
            ],
            "version": "v5",
            "lastModified": "2012-07-25",
            "files": {
                "regular": "http://themes.googleusercontent.com/static/fonts/cabinsketch/v5/d9fijO34zQajqQvl3YHRCS3USBnSvpkopQaUR-2r7iU.ttf",
                "700": "http://themes.googleusercontent.com/static/fonts/cabinsketch/v5/ki3SSN5HMOO0-IOLOj069ED2ttfZwueP-QU272T9-k4.ttf"
            }
        },

        {
            "kind": "webfonts#webfont",
            "family": "Candal",
            "variants": [
                "regular"
            ],
            "subsets": [
                "latin"
            ],
            "version": "v3",
            "lastModified": "2012-07-25",
            "files": {
                "regular": "http://themes.googleusercontent.com/static/fonts/candal/v3/x44dDW28zK7GR1gGDBmj9g.ttf"
            }
        },

        {
            "kind": "webfonts#webfont",
            "family": "Cardo",
            "variants": [
                "regular",
                "italic",
                "700"
            ],
            "subsets": [
                "greek",
                "latin-ext",
                "latin",
                "greek-ext"
            ],
            "version": "v5",
            "lastModified": "2012-07-25",
            "files": {
                "regular": "http://themes.googleusercontent.com/static/fonts/cardo/v5/jbkF2_R0FKUEZTq5dwSknQ.ttf",
                "italic": "http://themes.googleusercontent.com/static/fonts/cardo/v5/pcv4Np9tUkq0YREYUcEEJQ.ttf",
                "700": "http://themes.googleusercontent.com/static/fonts/cardo/v5/lQN30weILimrKvp8rZhF1w.ttf"
            }
        },

        {
            "kind": "webfonts#webfont",
            "family": "Cinzel Decorative",
            "variants": [
                "regular",
                "700",
                "900"
            ],
            "subsets": [
                "latin"
            ],
            "version": "v1",
            "lastModified": "2012-10-26",
            "files": {
                "regular": "http://themes.googleusercontent.com/static/fonts/cinzeldecorative/v1/fmgK7oaJJIXAkhd9798yQgT5USbJx2F82lQbogPy2bY.ttf",
                "700": "http://themes.googleusercontent.com/static/fonts/cinzeldecorative/v1/pXhIVnhFtL_B9Vb1wq2F95-YYVDmZkJErg0zgx9XuZI.ttf",
                "900": "http://themes.googleusercontent.com/static/fonts/cinzeldecorative/v1/pXhIVnhFtL_B9Vb1wq2F97Khqbv0zQZa0g-9HOXAalU.ttf"
            }
        },

        {
            "kind": "webfonts#webfont",
            "family": "Clicker Script",
            "variants": [
                "regular"
            ],
            "subsets": [
                "latin-ext",
                "latin"
            ],
            "version": "v1",
            "lastModified": "2012-11-28",
            "files": {
                "regular": "http://themes.googleusercontent.com/static/fonts/clickerscript/v1/Zupmk8XwADjufGxWB9KThBnpV0hQCek3EmWnCPrvGRM.ttf"
            }
        },

        {
            "kind": "webfonts#webfont",
            "family": "Coming Soon",
            "variants": [
                "regular"
            ],
            "subsets": [
                "latin"
            ],
            "version": "v3",
            "lastModified": "2012-07-25",
            "files": {
                "regular": "http://themes.googleusercontent.com/static/fonts/comingsoon/v3/Yz2z3IAe2HSQAOWsSG8COKCWcynf_cDxXwCLxiixG1c.ttf"
            }
        },
        {
            "kind": "webfonts#webfont",
            "family": "Concert One",
            "variants": [
                "regular"
            ],
            "subsets": [
                "latin-ext",
                "latin"
            ],
            "version": "v4",
            "lastModified": "2012-07-25",
            "files": {
                "regular": "http://themes.googleusercontent.com/static/fonts/concertone/v4/N5IWCIGhUNdPZn_efTxKN6CWcynf_cDxXwCLxiixG1c.ttf"
            }
        },

        {
            "kind": "webfonts#webfont",
            "family": "Cookie",
            "variants": [
                "regular"
            ],
            "subsets": [
                "latin"
            ],
            "version": "v4",
            "lastModified": "2012-07-25",
            "files": {
                "regular": "http://themes.googleusercontent.com/static/fonts/cookie/v4/HxeUC62y_YdDbiFlze357A.ttf"
            }
        },

        {
            "kind": "webfonts#webfont",
            "family": "Corben",
            "variants": [
                "regular",
                "700"
            ],
            "subsets": [
                "latin"
            ],
            "version": "v5",
            "lastModified": "2012-07-25",
            "files": {
                "regular": "http://themes.googleusercontent.com/static/fonts/corben/v5/tTysMZkt-j8Y5yhkgsoajQ.ttf",
                "700": "http://themes.googleusercontent.com/static/fonts/corben/v5/lirJaFSQWdGQuV--fksg5g.ttf"
            }
        },

        {
            "kind": "webfonts#webfont",
            "family": "Crete Round",
            "variants": [
                "regular",
                "italic"
            ],
            "subsets": [
                "latin-ext",
                "latin"
            ],
            "version": "v2",
            "lastModified": "2012-07-25",
            "files": {
                "regular": "http://themes.googleusercontent.com/static/fonts/creteround/v2/B8EwN421qqOCCT8vOH4wJ6CWcynf_cDxXwCLxiixG1c.ttf",
                "italic": "http://themes.googleusercontent.com/static/fonts/creteround/v2/5xAt7XK2vkUdjhGtt98unUeOrDcLawS7-ssYqLr2Xp4.ttf"
            }
        },

        {
            "kind": "webfonts#webfont",
            "family": "Crimson Text",
            "variants": [
                "regular",
                "italic",
                "600",
                "600italic",
                "700",
                "700italic"
            ],
            "subsets": [
                "latin"
            ],
            "version": "v3",
            "lastModified": "2012-07-25",
            "files": {
                "regular": "http://themes.googleusercontent.com/static/fonts/crimsontext/v3/3IFMwfRa07i-auYR-B-zNS3USBnSvpkopQaUR-2r7iU.ttf",
                "italic": "http://themes.googleusercontent.com/static/fonts/crimsontext/v3/a5QZnvmn5amyNI-t2BMkWPMZXuCXbOrAvx5R0IT5Oyo.ttf",
                "600": "http://themes.googleusercontent.com/static/fonts/crimsontext/v3/rEy5tGc5HdXy56Xvd4f3I2v8CylhIUtwUiYO7Z2wXbE.ttf",
                "600italic": "http://themes.googleusercontent.com/static/fonts/crimsontext/v3/4j4TR-EfnvCt43InYpUNDIR-5-urNOGAobhAyctHvW8.ttf",
                "700": "http://themes.googleusercontent.com/static/fonts/crimsontext/v3/rEy5tGc5HdXy56Xvd4f3I0D2ttfZwueP-QU272T9-k4.ttf",
                "700italic": "http://themes.googleusercontent.com/static/fonts/crimsontext/v3/4j4TR-EfnvCt43InYpUNDPAs9-1nE9qOqhChW0m4nDE.ttf"
            }
        },

        {
            "kind": "webfonts#webfont",
            "family": "Cuprum",
            "variants": [
                "regular",
                "italic",
                "700",
                "700italic"
            ],
            "subsets": [
                "latin-ext",
                "latin",
                "cyrillic"
            ],
            "version": "v4",
            "lastModified": "2012-08-02",
            "files": {
                "regular": "http://themes.googleusercontent.com/static/fonts/cuprum/v4/JgXs0F_UiaEdAS74msmFNg.ttf",
                "italic": "http://themes.googleusercontent.com/static/fonts/cuprum/v4/cLEz0KV6OxInnktSzpk58g.ttf",
                "700": "http://themes.googleusercontent.com/static/fonts/cuprum/v4/6tl3_FkDeXSD72oEHuJh4w.ttf",
                "700italic": "http://themes.googleusercontent.com/static/fonts/cuprum/v4/bnkXaBfoYvaJ75axRPSwVKCWcynf_cDxXwCLxiixG1c.ttf"
            }
        },

        {
            "kind": "webfonts#webfont",
            "family": "Cutive",
            "variants": [
                "regular"
            ],
            "subsets": [
                "latin-ext",
                "latin"
            ],
            "version": "v4",
            "lastModified": "2012-11-28",
            "files": {
                "regular": "http://themes.googleusercontent.com/static/fonts/cutive/v4/G2bW-ImyOCwKxBkLyz39YQ.ttf"
            }
        },

        {
            "kind": "webfonts#webfont",
            "family": "Dancing Script",
            "variants": [
                "regular",
                "700"
            ],
            "subsets": [
                "latin"
            ],
            "version": "v3",
            "lastModified": "2012-07-25",
            "files": {
                "regular": "http://themes.googleusercontent.com/static/fonts/dancingscript/v3/DK0eTGXiZjN6yA8zAEyM2RnpV0hQCek3EmWnCPrvGRM.ttf",
                "700": "http://themes.googleusercontent.com/static/fonts/dancingscript/v3/KGBfwabt0ZRLA5W1ywjowb_dAmXiKjTPGCuO6G2MbfA.ttf"
            }
        },

        {
            "kind": "webfonts#webfont",
            "family": "Days One",
            "variants": [
                "regular"
            ],
            "subsets": [
                "latin"
            ],
            "version": "v3",
            "lastModified": "2012-07-25",
            "files": {
                "regular": "http://themes.googleusercontent.com/static/fonts/daysone/v3/kzwZjNhc1iabMsrc_hKBIA.ttf"
            }
        },

        {
            "kind": "webfonts#webfont",
            "family": "Delius",
            "variants": [
                "regular"
            ],
            "subsets": [
                "latin"
            ],
            "version": "v3",
            "lastModified": "2012-07-25",
            "files": {
                "regular": "http://themes.googleusercontent.com/static/fonts/delius/v3/TQA163qafki2-gV-B6F_ag.ttf"
            }
        },

        {
            "kind": "webfonts#webfont",
            "family": "Delius Swash Caps",
            "variants": [
                "regular"
            ],
            "subsets": [
                "latin"
            ],
            "version": "v5",
            "lastModified": "2012-07-25",
            "files": {
                "regular": "http://themes.googleusercontent.com/static/fonts/deliusswashcaps/v5/uXyrEUnoWApxIOICunRq7yIrxb5zDVgU2N3VzXm7zq4.ttf"
            }
        },

        {
            "kind": "webfonts#webfont",
            "family": "Delius Unicase",
            "variants": [
                "regular",
                "700"
            ],
            "subsets": [
                "latin"
            ],
            "version": "v6",
            "lastModified": "2012-07-25",
            "files": {
                "regular": "http://themes.googleusercontent.com/static/fonts/deliusunicase/v6/b2sKujV3Q48RV2PQ0k1vqu6rPKfVZo7L2bERcf0BDns.ttf",
                "700": "http://themes.googleusercontent.com/static/fonts/deliusunicase/v6/7FTMTITcb4dxUp99FAdTqNy5weKXdcrx-wE0cgECMq8.ttf"
            }
        },

        {
            "kind": "webfonts#webfont",
            "family": "Domine",
            "variants": [
                "regular",
                "700"
            ],
            "subsets": [
                "latin-ext",
                "latin"
            ],
            "version": "v1",
            "lastModified": "2012-12-06",
            "files": {
                "regular": "http://themes.googleusercontent.com/static/fonts/domine/v1/wfVIgamVFjMNQAEWurCiHA.ttf",
                "700": "http://themes.googleusercontent.com/static/fonts/domine/v1/phBcG1ZbQFxUIt18hPVxnw.ttf"
            }
        },
        {
            "kind": "webfonts#webfont",
            "family": "Donegal One",
            "variants": [
                "regular"
            ],
            "subsets": [
                "latin-ext",
                "latin"
            ],
            "version": "v1",
            "lastModified": "2012-12-14",
            "files": {
                "regular": "http://themes.googleusercontent.com/static/fonts/donegalone/v1/6kN4-fDxz7T9s5U61HwfF6CWcynf_cDxXwCLxiixG1c.ttf"
            }
        },

        {
            "kind": "webfonts#webfont",
            "family": "Dosis",
            "variants": [
                "200",
                "300",
                "regular",
                "500",
                "600",
                "700",
                "800"
            ],
            "subsets": [
                "latin-ext",
                "latin"
            ],
            "version": "v1",
            "lastModified": "2012-07-25",
            "files": {
                "200": "http://themes.googleusercontent.com/static/fonts/dosis/v1/ztftab0r6hcd7AeurUGrSQ.ttf",
                "300": "http://themes.googleusercontent.com/static/fonts/dosis/v1/awIB6L0h5mb0plIKorXmuA.ttf",
                "regular": "http://themes.googleusercontent.com/static/fonts/dosis/v1/rJRlixu-w0JZ1MyhJpao_Q.ttf",
                "500": "http://themes.googleusercontent.com/static/fonts/dosis/v1/ruEXDOFMxDPGnjCBKRqdAQ.ttf",
                "600": "http://themes.googleusercontent.com/static/fonts/dosis/v1/KNAswRNwm3tfONddYyidxg.ttf",
                "700": "http://themes.googleusercontent.com/static/fonts/dosis/v1/AEEAj0ONidK8NQQMBBlSig.ttf",
                "800": "http://themes.googleusercontent.com/static/fonts/dosis/v1/nlrKd8E69vvUU39XGsvR7Q.ttf"
            }
        },

        {
            "kind": "webfonts#webfont",
            "family": "Droid Sans",
            "variants": [
                "regular",
                "700"
            ],
            "subsets": [
                "latin"
            ],
            "version": "v3",
            "lastModified": "2012-07-25",
            "files": {
                "regular": "http://themes.googleusercontent.com/static/fonts/droidsans/v3/rS9BT6-asrfjpkcV3DXf__esZW2xOQ-xsNqO47m55DA.ttf",
                "700": "http://themes.googleusercontent.com/static/fonts/droidsans/v3/EFpQQyG9GqCrobXxL-KRMQJKKGfqHaYFsRG-T3ceEVo.ttf"
            }
        },

        {
            "kind": "webfonts#webfont",
            "family": "Droid Sans Mono",
            "variants": [
                "regular"
            ],
            "subsets": [
                "latin"
            ],
            "version": "v4",
            "lastModified": "2012-07-25",
            "files": {
                "regular": "http://themes.googleusercontent.com/static/fonts/droidsansmono/v4/ns-m2xQYezAtqh7ai59hJcwD6PD0c3_abh9zHKQtbGU.ttf"
            }
        },
        {
            "kind": "webfonts#webfont",
            "family": "Droid Serif",
            "variants": [
                "regular",
                "italic",
                "700",
                "700italic"
            ],
            "subsets": [
                "latin"
            ],
            "version": "v3",
            "lastModified": "2012-07-25",
            "files": {
                "regular": "http://themes.googleusercontent.com/static/fonts/droidserif/v3/DgAtPy6rIVa2Zx3Xh9KaNaCWcynf_cDxXwCLxiixG1c.ttf",
                "italic": "http://themes.googleusercontent.com/static/fonts/droidserif/v3/cj2hUnSRBhwmSPr9kS5890eOrDcLawS7-ssYqLr2Xp4.ttf",
                "700": "http://themes.googleusercontent.com/static/fonts/droidserif/v3/QQt14e8dY39u-eYBZmppwXe1Pd76Vl7zRpE7NLJQ7XU.ttf",
                "700italic": "http://themes.googleusercontent.com/static/fonts/droidserif/v3/c92rD_x0V1LslSFt3-QEps_zJjSACmk0BRPxQqhnNLU.ttf"
            }
        },
        {
            "kind": "webfonts#webfont",
            "family": "Duru Sans",
            "variants": [
                "regular"
            ],
            "subsets": [
                "latin-ext",
                "latin"
            ],
            "version": "v3",
            "lastModified": "2012-08-23",
            "files": {
                "regular": "http://themes.googleusercontent.com/static/fonts/durusans/v3/R1xHvAOARPh8_so9_UKw1w.ttf"
            }
        },

        {
            "kind": "webfonts#webfont",
            "family": "Englebert",
            "variants": [
                "regular"
            ],
            "subsets": [
                "latin-ext",
                "latin"
            ],
            "version": "v1",
            "lastModified": "2012-11-28",
            "files": {
                "regular": "http://themes.googleusercontent.com/static/fonts/englebert/v1/sll38iOvOuarDTYBchlP3Q.ttf"
            }
        },

        {
            "kind": "webfonts#webfont",
            "family": "Exo",
            "variants": [
                "100",
                "100italic",
                "200",
                "200italic",
                "300",
                "300italic",
                "regular",
                "italic",
                "500",
                "500italic",
                "600",
                "600italic",
                "700",
                "700italic",
                "800",
                "800italic",
                "900",
                "900italic"
            ],
            "subsets": [
                "latin-ext",
                "latin"
            ],
            "version": "v1",
            "lastModified": "2012-07-25",
            "files": {
                "100": "http://themes.googleusercontent.com/static/fonts/exo/v1/RI7A9uwjRmPbVp0n8e-Jvg.ttf",
                "100italic": "http://themes.googleusercontent.com/static/fonts/exo/v1/qtGyZZlWb2EEvby3ZPosxw.ttf",
                "200": "http://themes.googleusercontent.com/static/fonts/exo/v1/F8OfC_swrRRxpFt-tlXZQg.ttf",
                "200italic": "http://themes.googleusercontent.com/static/fonts/exo/v1/fr4HBfXHYiIngW2_bhlgRw.ttf",
                "300": "http://themes.googleusercontent.com/static/fonts/exo/v1/SBrN7TKUqgGUvfxqHqsnNw.ttf",
                "300italic": "http://themes.googleusercontent.com/static/fonts/exo/v1/3gmiLjBegIfcDLISjTGA1g.ttf",
                "regular": "http://themes.googleusercontent.com/static/fonts/exo/v1/eUEzTFueNXRVhbt4PEB8kQ.ttf",
                "italic": "http://themes.googleusercontent.com/static/fonts/exo/v1/cfgolWisMSURhpQeVHl_NA.ttf",
                "500": "http://themes.googleusercontent.com/static/fonts/exo/v1/jCg6DmGGXt_OVyp5ofQHPw.ttf",
                "500italic": "http://themes.googleusercontent.com/static/fonts/exo/v1/lo5eTdCNJZQVN08p8RnzAQ.ttf",
                "600": "http://themes.googleusercontent.com/static/fonts/exo/v1/q_SG5kXUmOcIvFpgtdZnlw.ttf",
                "600italic": "http://themes.googleusercontent.com/static/fonts/exo/v1/0cExa8K_pxS2lTuMr68XUA.ttf",
                "700": "http://themes.googleusercontent.com/static/fonts/exo/v1/3_jwsL4v9uHjl5Q37G57mw.ttf",
                "700italic": "http://themes.googleusercontent.com/static/fonts/exo/v1/0me55yJIxd5vyQ9bF7SsiA.ttf",
                "800": "http://themes.googleusercontent.com/static/fonts/exo/v1/yLPuxBuV0lzqibRJyooOJg.ttf",
                "800italic": "http://themes.googleusercontent.com/static/fonts/exo/v1/n3LejeKVj_8gtZq5fIgNYw.ttf",
                "900": "http://themes.googleusercontent.com/static/fonts/exo/v1/97d0nd6Yv4-SA_X92xAuZA.ttf",
                "900italic": "http://themes.googleusercontent.com/static/fonts/exo/v1/JHTkQVhzyLtkY13Ye95TJQ.ttf"
            }
        },

        {
            "kind": "webfonts#webfont",
            "family": "Just Me Again Down Here",
            "variants": [
                "regular"
            ],
            "subsets": [
                "latin-ext",
                "latin"
            ],
            "version": "v5",
            "lastModified": "2013-05-22",
            "files": {
                "regular": "http://themes.googleusercontent.com/static/fonts/justmeagaindownhere/v5/sN06iTc9ITubLTgXoG-kc3M9eVLpVTSK6TqZTIgBrWQ.ttf"
            }
        },

        {
            "kind": "webfonts#webfont",
            "family": "Finger Paint",
            "variants": [
                "regular"
            ],
            "subsets": [
                "latin"
            ],
            "version": "v1",
            "lastModified": "2012-10-03",
            "files": {
                "regular": "http://themes.googleusercontent.com/static/fonts/fingerpaint/v1/m_ZRbiY-aPb13R3DWPBGXy3USBnSvpkopQaUR-2r7iU.ttf"
            }
        },

        {
            "kind": "webfonts#webfont",
            "family": "Give You Glory",
            "variants": [
                "regular"
            ],
            "subsets": [
                "latin"
            ],
            "version": "v3",
            "lastModified": "2012-07-25",
            "files": {
                "regular": "http://themes.googleusercontent.com/static/fonts/giveyouglory/v3/DFEWZFgGmfseyIdGRJAxuBwwkpSPZdvjnMtysdqprfI.ttf"
            }
        },

        {
            "kind": "webfonts#webfont",
            "family": "Goudy Bookletter 1911",
            "variants": [
                "regular"
            ],
            "subsets": [
                "latin"
            ],
            "version": "v3",
            "lastModified": "2012-07-25",
            "files": {
                "regular": "http://themes.googleusercontent.com/static/fonts/goudybookletter1911/v3/l5lwlGTN3pEY5Bf-rQEuIIjNDsyURsIKu4GSfvSE4mA.ttf"
            }
        },

        {
            "kind": "webfonts#webfont",
            "family": "Hammersmith One",
            "variants": [
                "regular"
            ],
            "subsets": [
                "latin-ext",
                "latin"
            ],
            "version": "v4",
            "lastModified": "2012-08-23",
            "files": {
                "regular": "http://themes.googleusercontent.com/static/fonts/hammersmithone/v4/FWNn6ITYqL6or7ZTmBxRhjjVlsJB_M_Q_LtZxsoxvlw.ttf"
            }
        },


        {
            "kind": "webfonts#webfont",
            "family": "Handlee",
            "variants": [
                "regular"
            ],
            "subsets": [
                "latin"
            ],
            "version": "v2",
            "lastModified": "2012-07-25",
            "files": {
                "regular": "http://themes.googleusercontent.com/static/fonts/handlee/v2/6OfkXkyC0E5NZN80ED8u3A.ttf"
            }
        },

        {
            "kind": "webfonts#webfont",
            "family": "Homemade Apple",
            "variants": [
                "regular"
            ],
            "subsets": [
                "latin"
            ],
            "version": "v3",
            "lastModified": "2012-07-25",
            "files": {
                "regular": "http://themes.googleusercontent.com/static/fonts/homemadeapple/v3/yg3UMEsefgZ8IHz_ryz86BiPOmFWYV1WlrJkRafc4c0.ttf"
            }
        },

        {
            "kind": "webfonts#webfont",
            "family": "IM Fell Double Pica SC",
            "variants": [
                "regular"
            ],
            "subsets": [
                "latin"
            ],
            "version": "v3",
            "lastModified": "2012-07-25",
            "files": {
                "regular": "http://themes.googleusercontent.com/static/fonts/imfelldoublepicasc/v3/jkrUtrLFpMw4ZazhfkKsGwc4LoC4OJUqLw9omnT3VOU.ttf"
            }
        },

        {
            "kind": "webfonts#webfont",
            "family": "IM Fell English",
            "variants": [
                "regular",
                "italic"
            ],
            "subsets": [
                "latin"
            ],
            "version": "v3",
            "lastModified": "2012-07-25",
            "files": {
                "regular": "http://themes.googleusercontent.com/static/fonts/imfellenglish/v3/xwIisCqGFi8pff-oa9uSVHGNmx1fDm-u2eBJHQkdrmk.ttf",
                "italic": "http://themes.googleusercontent.com/static/fonts/imfellenglish/v3/Z3cnIAI_L3XTRfz4JuZKbuewladMPCWTthtMv9cPS-c.ttf"
            }
        },

        {
            "kind": "webfonts#webfont",
            "family": "Indie Flower",
            "variants": [
                "regular"
            ],
            "subsets": [
                "latin"
            ],
            "version": "v4",
            "lastModified": "2012-07-25",
            "files": {
                "regular": "http://themes.googleusercontent.com/static/fonts/indieflower/v4/10JVD_humAd5zP2yrFqw6i3USBnSvpkopQaUR-2r7iU.ttf"
            }
        },

        {
            "kind": "webfonts#webfont",
            "family": "Josefin Sans",
            "variants": [
                "100",
                "100italic",
                "300",
                "300italic",
                "regular",
                "italic",
                "600",
                "600italic",
                "700",
                "700italic"
            ],
            "subsets": [
                "latin"
            ],
            "version": "v3",
            "lastModified": "2012-07-25",
            "files": {
                "100": "http://themes.googleusercontent.com/static/fonts/josefinsans/v3/q9w3H4aeBxj0hZ8Osfi3d8SVQ0giZ-l_NELu3lgGyYw.ttf",
                "100italic": "http://themes.googleusercontent.com/static/fonts/josefinsans/v3/s7-P1gqRNRNn-YWdOYnAOXXcj1rQwlNLIS625o-SrL0.ttf",
                "300": "http://themes.googleusercontent.com/static/fonts/josefinsans/v3/C6HYlRF50SGJq1XyXj04z6cQoVhARpoaILP7amxE_8g.ttf",
                "300italic": "http://themes.googleusercontent.com/static/fonts/josefinsans/v3/ppse0J9fKSaoxCIIJb33Gyna0FLWfcB-J_SAYmcAXaI.ttf",
                "regular": "http://themes.googleusercontent.com/static/fonts/josefinsans/v3/xgzbb53t8j-Mo-vYa23n5i3USBnSvpkopQaUR-2r7iU.ttf",
                "italic": "http://themes.googleusercontent.com/static/fonts/josefinsans/v3/q9w3H4aeBxj0hZ8Osfi3d_MZXuCXbOrAvx5R0IT5Oyo.ttf",
                "600": "http://themes.googleusercontent.com/static/fonts/josefinsans/v3/C6HYlRF50SGJq1XyXj04z2v8CylhIUtwUiYO7Z2wXbE.ttf",
                "600italic": "http://themes.googleusercontent.com/static/fonts/josefinsans/v3/ppse0J9fKSaoxCIIJb33G4R-5-urNOGAobhAyctHvW8.ttf",
                "700": "http://themes.googleusercontent.com/static/fonts/josefinsans/v3/C6HYlRF50SGJq1XyXj04z0D2ttfZwueP-QU272T9-k4.ttf",
                "700italic": "http://themes.googleusercontent.com/static/fonts/josefinsans/v3/ppse0J9fKSaoxCIIJb33G_As9-1nE9qOqhChW0m4nDE.ttf"
            }
        },
        {
            "kind": "webfonts#webfont",
            "family": "Josefin Slab",
            "variants": [
                "100",
                "100italic",
                "300",
                "300italic",
                "regular",
                "italic",
                "600",
                "600italic",
                "700",
                "700italic"
            ],
            "subsets": [
                "latin"
            ],
            "version": "v3",
            "lastModified": "2012-07-25",
            "files": {
                "100": "http://themes.googleusercontent.com/static/fonts/josefinslab/v3/etsUjZYO8lTLU85lDhZwUsSVQ0giZ-l_NELu3lgGyYw.ttf",
                "100italic": "http://themes.googleusercontent.com/static/fonts/josefinslab/v3/8BjDChqLgBF3RJKfwHIYh3Xcj1rQwlNLIS625o-SrL0.ttf",
                "300": "http://themes.googleusercontent.com/static/fonts/josefinslab/v3/NbE6ykYuM2IyEwxQxOIi2KcQoVhARpoaILP7amxE_8g.ttf",
                "300italic": "http://themes.googleusercontent.com/static/fonts/josefinslab/v3/af9sBoKGPbGO0r21xJulyyna0FLWfcB-J_SAYmcAXaI.ttf",
                "regular": "http://themes.googleusercontent.com/static/fonts/josefinslab/v3/46aYWdgz-1oFX11flmyEfS3USBnSvpkopQaUR-2r7iU.ttf",
                "italic": "http://themes.googleusercontent.com/static/fonts/josefinslab/v3/etsUjZYO8lTLU85lDhZwUvMZXuCXbOrAvx5R0IT5Oyo.ttf",
                "600": "http://themes.googleusercontent.com/static/fonts/josefinslab/v3/NbE6ykYuM2IyEwxQxOIi2Gv8CylhIUtwUiYO7Z2wXbE.ttf",
                "600italic": "http://themes.googleusercontent.com/static/fonts/josefinslab/v3/af9sBoKGPbGO0r21xJuly4R-5-urNOGAobhAyctHvW8.ttf",
                "700": "http://themes.googleusercontent.com/static/fonts/josefinslab/v3/NbE6ykYuM2IyEwxQxOIi2ED2ttfZwueP-QU272T9-k4.ttf",
                "700italic": "http://themes.googleusercontent.com/static/fonts/josefinslab/v3/af9sBoKGPbGO0r21xJuly_As9-1nE9qOqhChW0m4nDE.ttf"
            }
        },

        {
            "kind": "webfonts#webfont",
            "family": "Junge",
            "variants": [
                "regular"
            ],
            "subsets": [
                "latin"
            ],
            "version": "v1",
            "lastModified": "2012-07-25",
            "files": {
                "regular": "http://themes.googleusercontent.com/static/fonts/junge/v1/j4IXCXtxrw9qIBheercp3A.ttf"
            }
        },

        {
            "kind": "webfonts#webfont",
            "family": "Kreon",
            "variants": [
                "300",
                "regular",
                "700"
            ],
            "subsets": [
                "latin"
            ],
            "version": "v6",
            "lastModified": "2012-07-25",
            "files": {
                "300": "http://themes.googleusercontent.com/static/fonts/kreon/v6/HKtJRiq5C2zbq5N1IX32sA.ttf",
                "regular": "http://themes.googleusercontent.com/static/fonts/kreon/v6/zA_IZt0u0S3cvHJu-n1oEg.ttf",
                "700": "http://themes.googleusercontent.com/static/fonts/kreon/v6/jh0dSmaPodjxISiblIUTkw.ttf"
            }
        },

        {
            "kind": "webfonts#webfont",
            "family": "Lato",
            "variants": [
                "100",
                "100italic",
                "300",
                "300italic",
                "regular",
                "italic",
                "700",
                "700italic",
                "900",
                "900italic"
            ],
            "subsets": [
                "latin"
            ],
            "version": "v6",
            "lastModified": "2012-07-25",
            "files": {
                "100": "http://themes.googleusercontent.com/static/fonts/lato/v6/Upp-ka9rLQmHYCsFgwL-eg.ttf",
                "100italic": "http://themes.googleusercontent.com/static/fonts/lato/v6/zLegi10uS_9-fnUDISl0KA.ttf",
                "300": "http://themes.googleusercontent.com/static/fonts/lato/v6/Ja02qOppOVq9jeRjWekbHg.ttf",
                "300italic": "http://themes.googleusercontent.com/static/fonts/lato/v6/dVebFcn7EV7wAKwgYestUg.ttf",
                "regular": "http://themes.googleusercontent.com/static/fonts/lato/v6/h7rISIcQapZBpei-sXwIwg.ttf",
                "italic": "http://themes.googleusercontent.com/static/fonts/lato/v6/P_dJOFJylV3A870UIOtr0w.ttf",
                "700": "http://themes.googleusercontent.com/static/fonts/lato/v6/iX_QxBBZLhNj5JHlTzHQzg.ttf",
                "700italic": "http://themes.googleusercontent.com/static/fonts/lato/v6/WFcZakHrrCKeUJxHA4T_gw.ttf",
                "900": "http://themes.googleusercontent.com/static/fonts/lato/v6/8TPEV6NbYWZlNsXjbYVv7w.ttf",
                "900italic": "http://themes.googleusercontent.com/static/fonts/lato/v6/draWperrI7n2xi35Cl08fA.ttf"
            }
        },

        {
            "kind": "webfonts#webfont",
            "family": "Lekton",
            "variants": [
                "regular",
                "italic",
                "700"
            ],
            "subsets": [
                "latin-ext",
                "latin"
            ],
            "version": "v4",
            "lastModified": "2012-11-28",
            "files": {
                "regular": "http://themes.googleusercontent.com/static/fonts/lekton/v4/r483JYmxf5PjIm4jVAm8Yg.ttf",
                "italic": "http://themes.googleusercontent.com/static/fonts/lekton/v4/_UbDIPBA1wDqSbhp-OED7A.ttf",
                "700": "http://themes.googleusercontent.com/static/fonts/lekton/v4/WZw-uL8WTkx3SBVfTlevXQ.ttf"
            }
        },

        {
            "kind": "webfonts#webfont",
            "family": "Life Savers",
            "variants": [
                "regular",
                "700"
            ],
            "subsets": [
                "latin-ext",
                "latin"
            ],
            "version": "v3",
            "lastModified": "2012-12-17",
            "files": {
                "regular": "http://themes.googleusercontent.com/static/fonts/lifesavers/v3/g49cUDk4Y1P0G5NMkMAm7qCWcynf_cDxXwCLxiixG1c.ttf",
                "700": "http://themes.googleusercontent.com/static/fonts/lifesavers/v3/THQKqChyYUm97rNPVFdGGXe1Pd76Vl7zRpE7NLJQ7XU.ttf"
            }
        },

        {
            "kind": "webfonts#webfont",
            "family": "Lobster",
            "variants": [
                "regular"
            ],
            "subsets": [
                "latin-ext",
                "latin",
                "cyrillic",
                "cyrillic-ext"
            ],
            "version": "v5",
            "lastModified": "2012-07-25",
            "files": {
                "regular": "http://themes.googleusercontent.com/static/fonts/lobster/v5/9LpJGtNuM1D8FAZ2BkJH2Q.ttf"
            }
        },
        {
            "kind": "webfonts#webfont",
            "family": "Lobster Two",
            "variants": [
                "regular",
                "italic",
                "700",
                "700italic"
            ],
            "subsets": [
                "latin"
            ],
            "version": "v4",
            "lastModified": "2012-07-25",
            "files": {
                "regular": "http://themes.googleusercontent.com/static/fonts/lobstertwo/v4/xb9aY4w9ceh8JRzobID1naCWcynf_cDxXwCLxiixG1c.ttf",
                "italic": "http://themes.googleusercontent.com/static/fonts/lobstertwo/v4/Ul_16MSbfayQv1I4QhLEoEeOrDcLawS7-ssYqLr2Xp4.ttf",
                "700": "http://themes.googleusercontent.com/static/fonts/lobstertwo/v4/bmdxOflBqMqjEC0-kGsIiHe1Pd76Vl7zRpE7NLJQ7XU.ttf",
                "700italic": "http://themes.googleusercontent.com/static/fonts/lobstertwo/v4/LEkN2_no_6kFvRfiBZ8xpM_zJjSACmk0BRPxQqhnNLU.ttf"
            }
        },

        {
            "kind": "webfonts#webfont",
            "family": "Lora",
            "variants": [
                "regular",
                "italic",
                "700",
                "700italic"
            ],
            "subsets": [
                "latin"
            ],
            "version": "v5",
            "lastModified": "2012-07-25",
            "files": {
                "regular": "http://themes.googleusercontent.com/static/fonts/lora/v5/aXJ7KVIGcejEy1abawZazg.ttf",
                "italic": "http://themes.googleusercontent.com/static/fonts/lora/v5/AN2EZaj2tFRpyveuNn9BOg.ttf",
                "700": "http://themes.googleusercontent.com/static/fonts/lora/v5/enKND5SfzQKkggBA_VnT1A.ttf",
                "700italic": "http://themes.googleusercontent.com/static/fonts/lora/v5/ivs9j3kYU65pR9QD9YFdzQ.ttf"
            }
        },

        {
            "kind": "webfonts#webfont",
            "family": "Merriweather",
            "variants": [
                "300",
                "300italic",
                "regular",
                "italic",
                "700",
                "700italic",
                "900",
                "900italic"
            ],
            "subsets": [
                "latin-ext",
                "latin"
            ],
            "version": "v5",
            "lastModified": "2013-05-22",
            "files": {
                "300": "http://themes.googleusercontent.com/static/fonts/merriweather/v5/ZvcMqxEwPfh2qDWBPxn6nqcQoVhARpoaILP7amxE_8g.ttf",
                "300italic": "http://themes.googleusercontent.com/static/fonts/merriweather/v5/EYh7Vl4ywhowqULgRdYwICna0FLWfcB-J_SAYmcAXaI.ttf",
                "regular": "http://themes.googleusercontent.com/static/fonts/merriweather/v5/RFda8w1V0eDZheqfcyQ4EC3USBnSvpkopQaUR-2r7iU.ttf",
                "italic": "http://themes.googleusercontent.com/static/fonts/merriweather/v5/So5lHxHT37p2SS4-t60SlPMZXuCXbOrAvx5R0IT5Oyo.ttf",
                "700": "http://themes.googleusercontent.com/static/fonts/merriweather/v5/ZvcMqxEwPfh2qDWBPxn6nkD2ttfZwueP-QU272T9-k4.ttf",
                "700italic": "http://themes.googleusercontent.com/static/fonts/merriweather/v5/EYh7Vl4ywhowqULgRdYwIPAs9-1nE9qOqhChW0m4nDE.ttf",
                "900": "http://themes.googleusercontent.com/static/fonts/merriweather/v5/ZvcMqxEwPfh2qDWBPxn6nqObDOjC3UL77puoeHsE3fw.ttf",
                "900italic": "http://themes.googleusercontent.com/static/fonts/merriweather/v5/EYh7Vl4ywhowqULgRdYwIBd0_s6jQr9r5s5OZYvtzBY.ttf"
            }
        },

        {
            "kind": "webfonts#webfont",
            "family": "Milonga",
            "variants": [
                "regular"
            ],
            "subsets": [
                "latin-ext",
                "latin"
            ],
            "version": "v1",
            "lastModified": "2012-12-06",
            "files": {
                "regular": "http://themes.googleusercontent.com/static/fonts/milonga/v1/dzNdIUSTGFmy2ahovDRcWg.ttf"
            }
        },

        {
            "kind": "webfonts#webfont",
            "family": "Molengo",
            "variants": [
                "regular"
            ],
            "subsets": [
                "latin-ext",
                "latin"
            ],
            "version": "v4",
            "lastModified": "2012-07-25",
            "files": {
                "regular": "http://themes.googleusercontent.com/static/fonts/molengo/v4/jcjgeGuzv83I55AzOTpXNQ.ttf"
            }
        },

        {
            "kind": "webfonts#webfont",
            "family": "Montserrat",
            "variants": [
                "regular",
                "700"
            ],
            "subsets": [
                "latin"
            ],
            "version": "v3",
            "lastModified": "2012-10-03",
            "files": {
                "regular": "http://themes.googleusercontent.com/static/fonts/montserrat/v3/Kqy6-utIpx_30Xzecmeo8_esZW2xOQ-xsNqO47m55DA.ttf",
                "700": "http://themes.googleusercontent.com/static/fonts/montserrat/v3/IQHow_FEYlDC4Gzy_m8fcgJKKGfqHaYFsRG-T3ceEVo.ttf"
            }
        },

        {
            "kind": "webfonts#webfont",
            "family": "Mouse Memoirs",
            "variants": [
                "regular"
            ],
            "subsets": [
                "latin-ext",
                "latin"
            ],
            "version": "v1",
            "lastModified": "2012-11-28",
            "files": {
                "regular": "http://themes.googleusercontent.com/static/fonts/mousememoirs/v1/NBFaaJFux_j0AQbAsW3QeH8f0n03UdmQgF_CLvNR2vg.ttf"
            }
        },

        {
            "kind": "webfonts#webfont",
            "family": "Neucha",
            "variants": [
                "regular"
            ],
            "subsets": [
                "latin",
                "cyrillic"
            ],
            "version": "v4",
            "lastModified": "2012-07-25",
            "files": {
                "regular": "http://themes.googleusercontent.com/static/fonts/neucha/v4/bijdhB-TzQdtpl0ykhGh4Q.ttf"
            }
        },

        {
            "kind": "webfonts#webfont",
            "family": "News Cycle",
            "variants": [
                "regular",
                "700"
            ],
            "subsets": [
                "latin-ext",
                "latin"
            ],
            "version": "v9",
            "lastModified": "2012-08-16",
            "files": {
                "regular": "http://themes.googleusercontent.com/static/fonts/newscycle/v9/xyMAr8VfiUzIOvS1abHJO_esZW2xOQ-xsNqO47m55DA.ttf",
                "700": "http://themes.googleusercontent.com/static/fonts/newscycle/v9/G28Ny31cr5orMqEQy6ljtwJKKGfqHaYFsRG-T3ceEVo.ttf"
            }
        },

        {
            "kind": "webfonts#webfont",
            "family": "Nobile",
            "variants": [
                "regular",
                "italic",
                "700",
                "700italic"
            ],
            "subsets": [
                "latin"
            ],
            "version": "v4",
            "lastModified": "2012-07-25",
            "files": {
                "regular": "http://themes.googleusercontent.com/static/fonts/nobile/v4/lC_lPi1ddtN38iXTCRh6ow.ttf",
                "italic": "http://themes.googleusercontent.com/static/fonts/nobile/v4/vGmrpKzWQQSrb-PR6FWBIA.ttf",
                "700": "http://themes.googleusercontent.com/static/fonts/nobile/v4/9p6M-Yrg_r_QPmSD1skrOg.ttf",
                "700italic": "http://themes.googleusercontent.com/static/fonts/nobile/v4/oQ1eYPaXV638N03KvsNvyKCWcynf_cDxXwCLxiixG1c.ttf"
            }
        },

        {
            "kind": "webfonts#webfont",
            "family": "Noto Sans",
            "variants": [
                "regular",
                "italic",
                "700",
                "700italic"
            ],
            "subsets": [
                "greek",
                "latin-ext",
                "latin",
                "vietnamese",
                "greek-ext",
                "cyrillic",
                "cyrillic-ext"
            ],
            "version": "v1",
            "lastModified": "2013-04-17",
            "files": {
                "regular": "http://themes.googleusercontent.com/static/fonts/notosans/v1/0Ue9FiUJwVhi4NGfHJS5uA.ttf",
                "italic": "http://themes.googleusercontent.com/static/fonts/notosans/v1/dLcNKMgJ1H5RVoZFraDz0qCWcynf_cDxXwCLxiixG1c.ttf",
                "700": "http://themes.googleusercontent.com/static/fonts/notosans/v1/PIbvSEyHEdL91QLOQRnZ1y3USBnSvpkopQaUR-2r7iU.ttf",
                "700italic": "http://themes.googleusercontent.com/static/fonts/notosans/v1/9Z3uUWMRR7crzm1TjRicDne1Pd76Vl7zRpE7NLJQ7XU.ttf"
            }
        },

        {
            "kind": "webfonts#webfont",
            "family": "Old Standard TT",
            "variants": [
                "regular",
                "italic",
                "700"
            ],
            "subsets": [
                "latin"
            ],
            "version": "v4",
            "lastModified": "2012-07-25",
            "files": {
                "regular": "http://themes.googleusercontent.com/static/fonts/oldstandardtt/v4/n6RTCDcIPWSE8UNBa4k-DLcB5jyhm1VsHs65c3QNDr0.ttf",
                "italic": "http://themes.googleusercontent.com/static/fonts/oldstandardtt/v4/QQT_AUSp4AV4dpJfIN7U5PWrQzeMtsHf8QsWQ2cZg3c.ttf",
                "700": "http://themes.googleusercontent.com/static/fonts/oldstandardtt/v4/5Ywdce7XEbTSbxs__4X1_HJqbZqK7TdZ58X80Q_Lw8Y.ttf"
            }
        },

        {
            "kind": "webfonts#webfont",
            "family": "Open Sans",
            "variants": [
                "300",
                "300italic",
                "regular",
                "italic",
                "600",
                "600italic",
                "700",
                "700italic",
                "800",
                "800italic"
            ],
            "subsets": [
                "greek",
                "latin-ext",
                "latin",
                "vietnamese",
                "greek-ext",
                "cyrillic",
                "cyrillic-ext"
            ],
            "version": "v6",
            "lastModified": "2012-07-25",
            "files": {
                "300": "http://themes.googleusercontent.com/static/fonts/opensans/v6/DXI1ORHCpsQm3Vp6mXoaTS3USBnSvpkopQaUR-2r7iU.ttf",
                "300italic": "http://themes.googleusercontent.com/static/fonts/opensans/v6/PRmiXeptR36kaC0GEAetxi9-WlPSxbfiI49GsXo3q0g.ttf",
                "regular": "http://themes.googleusercontent.com/static/fonts/opensans/v6/IgZJs4-7SA1XX_edsoXWog.ttf",
                "italic": "http://themes.googleusercontent.com/static/fonts/opensans/v6/O4NhV7_qs9r9seTo7fnsVKCWcynf_cDxXwCLxiixG1c.ttf",
                "600": "http://themes.googleusercontent.com/static/fonts/opensans/v6/MTP_ySUJH_bn48VBG8sNSi3USBnSvpkopQaUR-2r7iU.ttf",
                "600italic": "http://themes.googleusercontent.com/static/fonts/opensans/v6/PRmiXeptR36kaC0GEAetxpZ7xm-Bj30Bj2KNdXDzSZg.ttf",
                "700": "http://themes.googleusercontent.com/static/fonts/opensans/v6/k3k702ZOKiLJc3WVjuplzC3USBnSvpkopQaUR-2r7iU.ttf",
                "700italic": "http://themes.googleusercontent.com/static/fonts/opensans/v6/PRmiXeptR36kaC0GEAetxne1Pd76Vl7zRpE7NLJQ7XU.ttf",
                "800": "http://themes.googleusercontent.com/static/fonts/opensans/v6/EInbV5DfGHOiMmvb1Xr-hi3USBnSvpkopQaUR-2r7iU.ttf",
                "800italic": "http://themes.googleusercontent.com/static/fonts/opensans/v6/PRmiXeptR36kaC0GEAetxg89PwPrYLaRFJ-HNCU9NbA.ttf"
            }
        },
        {
            "kind": "webfonts#webfont",
            "family": "Open Sans Condensed",
            "variants": [
                "300",
                "300italic",
                "700"
            ],
            "subsets": [
                "greek",
                "latin-ext",
                "latin",
                "vietnamese",
                "greek-ext",
                "cyrillic",
                "cyrillic-ext"
            ],
            "version": "v6",
            "lastModified": "2012-07-25",
            "files": {
                "300": "http://themes.googleusercontent.com/static/fonts/opensanscondensed/v6/gk5FxslNkTTHtojXrkp-xEMwSSh38KQVJx4ABtsZTnA.ttf",
                "300italic": "http://themes.googleusercontent.com/static/fonts/opensanscondensed/v6/jIXlqT1WKafUSwj6s9AzV4_LkTZ_uhAwfmGJ084hlvM.ttf",
                "700": "http://themes.googleusercontent.com/static/fonts/opensanscondensed/v6/gk5FxslNkTTHtojXrkp-xBEM87DM3yorPOrvA-vB930.ttf"
            }
        },

        {
            "kind": "webfonts#webfont",
            "family": "Orbitron",
            "variants": [
                "regular",
                "500",
                "700",
                "900"
            ],
            "subsets": [
                "latin"
            ],
            "version": "v3",
            "lastModified": "2012-07-25",
            "files": {
                "regular": "http://themes.googleusercontent.com/static/fonts/orbitron/v3/DY8swouAZjR3RaUPRf0HDQ.ttf",
                "500": "http://themes.googleusercontent.com/static/fonts/orbitron/v3/p-y_ffzMdo5JN_7ia0vYEqCWcynf_cDxXwCLxiixG1c.ttf",
                "700": "http://themes.googleusercontent.com/static/fonts/orbitron/v3/PS9_6SLkY1Y6OgPO3APr6qCWcynf_cDxXwCLxiixG1c.ttf",
                "900": "http://themes.googleusercontent.com/static/fonts/orbitron/v3/2I3-8i9hT294TE_pyjy9SaCWcynf_cDxXwCLxiixG1c.ttf"
            }
        },

        {
            "kind": "webfonts#webfont",
            "family": "Oswald",
            "variants": [
                "300",
                "regular",
                "700"
            ],
            "subsets": [
                "latin-ext",
                "latin"
            ],
            "version": "v7",
            "lastModified": "2012-10-03",
            "files": {
                "300": "http://themes.googleusercontent.com/static/fonts/oswald/v7/y3tZpCdiRD4oNRRYFcAR5Q.ttf",
                "regular": "http://themes.googleusercontent.com/static/fonts/oswald/v7/uLEd2g2vJglLPfsBF91DCg.ttf",
                "700": "http://themes.googleusercontent.com/static/fonts/oswald/v7/7wj8ldV_5Ti37rHa0m1DDw.ttf"
            }
        },

        {
            "kind": "webfonts#webfont",
            "family": "Pacifico",
            "variants": [
                "regular"
            ],
            "subsets": [
                "latin"
            ],
            "version": "v4",
            "lastModified": "2012-07-25",
            "files": {
                "regular": "http://themes.googleusercontent.com/static/fonts/pacifico/v4/GIrpeRY1r5CzbfL8r182lw.ttf"
            }
        },

        {
            "kind": "webfonts#webfont",
            "family": "Parisienne",
            "variants": [
                "regular"
            ],
            "subsets": [
                "latin-ext",
                "latin"
            ],
            "version": "v1",
            "lastModified": "2012-07-25",
            "files": {
                "regular": "http://themes.googleusercontent.com/static/fonts/parisienne/v1/TW74B5QISJNx9moxGlmJfvesZW2xOQ-xsNqO47m55DA.ttf"
            }
        },

        {
            "kind": "webfonts#webfont",
            "family": "Patua One",
            "variants": [
                "regular"
            ],
            "subsets": [
                "latin"
            ],
            "version": "v3",
            "lastModified": "2012-08-08",
            "files": {
                "regular": "http://themes.googleusercontent.com/static/fonts/patuaone/v3/njZwotTYjswR4qdhsW-kJw.ttf"
            }
        },

        {
            "kind": "webfonts#webfont",
            "family": "Petit Formal Script",
            "variants": [
                "regular"
            ],
            "subsets": [
                "latin-ext",
                "latin"
            ],
            "version": "v1",
            "lastModified": "2012-09-14",
            "files": {
                "regular": "http://themes.googleusercontent.com/static/fonts/petitformalscript/v1/OEZwr2-ovBsq2n3ACCKoEvVPl2Gjtxj0D6F7QLy1VQc.ttf"
            }
        },

        {
            "kind": "webfonts#webfont",
            "family": "Playfair Display",
            "variants": [
                "regular",
                "italic",
                "700",
                "700italic",
                "900",
                "900italic"
            ],
            "subsets": [
                "latin-ext",
                "latin",
                "cyrillic"
            ],
            "version": "v7",
            "lastModified": "2012-11-28",
            "files": {
                "regular": "http://themes.googleusercontent.com/static/fonts/playfairdisplay/v7/2NBgzUtEeyB-Xtpr9bm1CV6uyC_qD11hrFQ6EGgTJWI.ttf",
                "italic": "http://themes.googleusercontent.com/static/fonts/playfairdisplay/v7/9MkijrV-dEJ0-_NWV7E6NzMsbnvDNEBX25F5HWk9AhI.ttf",
                "700": "http://themes.googleusercontent.com/static/fonts/playfairdisplay/v7/UC3ZEjagJi85gF9qFaBgICsv6SrURqJprbhH_C1Mw8w.ttf",
                "700italic": "http://themes.googleusercontent.com/static/fonts/playfairdisplay/v7/n7G4PqJvFP2Kubl0VBLDECsYW3XoOVcYyYdp9NzzS9E.ttf",
                "900": "http://themes.googleusercontent.com/static/fonts/playfairdisplay/v7/UC3ZEjagJi85gF9qFaBgIKqwMe2wjvZrAR44M0BJZ48.ttf",
                "900italic": "http://themes.googleusercontent.com/static/fonts/playfairdisplay/v7/n7G4PqJvFP2Kubl0VBLDEC0JfJ4xmm7j1kL6D7mPxrA.ttf"
            }
        },

        {
            "kind": "webfonts#webfont",
            "family": "Pompiere",
            "variants": [
                "regular"
            ],
            "subsets": [
                "latin"
            ],
            "version": "v3",
            "lastModified": "2012-07-25",
            "files": {
                "regular": "http://themes.googleusercontent.com/static/fonts/pompiere/v3/o_va2p9CD5JfmFohAkGZIA.ttf"
            }
        },

        {
            "kind": "webfonts#webfont",
            "family": "PT Sans",
            "variants": [
                "regular",
                "italic",
                "700",
                "700italic"
            ],
            "subsets": [
                "latin-ext",
                "latin",
                "cyrillic",
                "cyrillic-ext"
            ],
            "version": "v5",
            "lastModified": "2013-05-29",
            "files": {
                "regular": "http://themes.googleusercontent.com/static/fonts/ptsans/v5/UFoEz2uiuMypUGZL1NKoeg.ttf",
                "italic": "http://themes.googleusercontent.com/static/fonts/ptsans/v5/yls9EYWOd496wiu7qzfgNg.ttf",
                "700": "http://themes.googleusercontent.com/static/fonts/ptsans/v5/F51BEgHuR0tYHxF0bD4vwvesZW2xOQ-xsNqO47m55DA.ttf",
                "700italic": "http://themes.googleusercontent.com/static/fonts/ptsans/v5/lILlYDvubYemzYzN7GbLkC3USBnSvpkopQaUR-2r7iU.ttf"
            }
        },
        {
            "kind": "webfonts#webfont",
            "family": "PT Sans Caption",
            "variants": [
                "regular",
                "700"
            ],
            "subsets": [
                "latin-ext",
                "latin",
                "cyrillic",
                "cyrillic-ext"
            ],
            "version": "v6",
            "lastModified": "2013-05-29",
            "files": {
                "regular": "http://themes.googleusercontent.com/static/fonts/ptsanscaption/v6/OXYTDOzBcXU8MTNBvBHeSW8by34Z3mUMtM-o4y-SHCY.ttf",
                "700": "http://themes.googleusercontent.com/static/fonts/ptsanscaption/v6/Q-gJrFokeE7JydPpxASt25tc0eyfI4QDEsobEEpk_hA.ttf"
            }
        },
        {
            "kind": "webfonts#webfont",
            "family": "PT Sans Narrow",
            "variants": [
                "regular",
                "700"
            ],
            "subsets": [
                "latin-ext",
                "latin",
                "cyrillic",
                "cyrillic-ext"
            ],
            "version": "v4",
            "lastModified": "2013-05-29",
            "files": {
                "regular": "http://themes.googleusercontent.com/static/fonts/ptsansnarrow/v4/UyYrYy3ltEffJV9QueSi4ZTvAuddT2xDMbdz0mdLyZY.ttf",
                "700": "http://themes.googleusercontent.com/static/fonts/ptsansnarrow/v4/Q_pTky3Sc3ubRibGToTAYsLtdzs3iyjn_YuT226ZsLU.ttf"
            }
        },
        {
            "kind": "webfonts#webfont",
            "family": "PT Serif",
            "variants": [
                "regular",
                "italic",
                "700",
                "700italic"
            ],
            "subsets": [
                "latin-ext",
                "latin",
                "cyrillic",
                "cyrillic-ext"
            ],
            "version": "v5",
            "lastModified": "2013-05-29",
            "files": {
                "regular": "http://themes.googleusercontent.com/static/fonts/ptserif/v5/sAo427rn3-QL9sWCbMZXhA.ttf",
                "italic": "http://themes.googleusercontent.com/static/fonts/ptserif/v5/9khWhKzhpkH0OkNnBKS3n_esZW2xOQ-xsNqO47m55DA.ttf",
                "700": "http://themes.googleusercontent.com/static/fonts/ptserif/v5/kyZw18tqQ5if-_wpmxxOeKCWcynf_cDxXwCLxiixG1c.ttf",
                "700italic": "http://themes.googleusercontent.com/static/fonts/ptserif/v5/Foydq9xJp--nfYIx2TBz9QJKKGfqHaYFsRG-T3ceEVo.ttf"
            }
        },
        {
            "kind": "webfonts#webfont",
            "family": "PT Serif Caption",
            "variants": [
                "regular",
                "italic"
            ],
            "subsets": [
                "latin-ext",
                "latin",
                "cyrillic",
                "cyrillic-ext"
            ],
            "version": "v5",
            "lastModified": "2013-05-29",
            "files": {
                "regular": "http://themes.googleusercontent.com/static/fonts/ptserifcaption/v5/7xkFOeTxxO1GMC1suOUYWVsRioCqs5fohhaYel24W3k.ttf",
                "italic": "http://themes.googleusercontent.com/static/fonts/ptserifcaption/v5/0kfPsmrmTSgiec7u_Wa0DB1mqvzPHelJwRcF_s_EUM0.ttf"
            }
        },

        {
            "kind": "webfonts#webfont",
            "family": "Raleway",
            "variants": [
                "100",
                "200",
                "300",
                "regular",
                "500",
                "600",
                "700",
                "800",
                "900"
            ],
            "subsets": [
                "latin"
            ],
            "version": "v6",
            "lastModified": "2012-09-14",
            "files": {
                "100": "http://themes.googleusercontent.com/static/fonts/raleway/v6/UDfD6oxBaBnmFJwQ7XAFNw.ttf",
                "200": "http://themes.googleusercontent.com/static/fonts/raleway/v6/LAQwev4hdCtYkOYX4Oc7nPesZW2xOQ-xsNqO47m55DA.ttf",
                "300": "http://themes.googleusercontent.com/static/fonts/raleway/v6/2VvSZU2kb4DZwFfRM4fLQPesZW2xOQ-xsNqO47m55DA.ttf",
                "regular": "http://themes.googleusercontent.com/static/fonts/raleway/v6/_dCzxpXzIS3sL-gdJWAP8A.ttf",
                "500": "http://themes.googleusercontent.com/static/fonts/raleway/v6/348gn6PEmbLDWlHbbV15d_esZW2xOQ-xsNqO47m55DA.ttf",
                "600": "http://themes.googleusercontent.com/static/fonts/raleway/v6/M7no6oPkwKYJkedjB1wqEvesZW2xOQ-xsNqO47m55DA.ttf",
                "700": "http://themes.googleusercontent.com/static/fonts/raleway/v6/VGEV9-DrblisWOWLbK-1XPesZW2xOQ-xsNqO47m55DA.ttf",
                "800": "http://themes.googleusercontent.com/static/fonts/raleway/v6/mMh0JrsYMXcLO69jgJwpUvesZW2xOQ-xsNqO47m55DA.ttf",
                "900": "http://themes.googleusercontent.com/static/fonts/raleway/v6/ajQQGcDBLcyLpaUfD76UuPesZW2xOQ-xsNqO47m55DA.ttf"
            }
        },


        {
            "kind": "webfonts#webfont",
            "family": "Reenie Beanie",
            "variants": [
                "regular"
            ],
            "subsets": [
                "latin"
            ],
            "version": "v3",
            "lastModified": "2012-07-25",
            "files": {
                "regular": "http://themes.googleusercontent.com/static/fonts/reeniebeanie/v3/ljpKc6CdXusL1cnGUSamX4jjx0o0jr6fNXxPgYh_a8Q.ttf"
            }
        },

        {
            "kind": "webfonts#webfont",
            "family": "Roboto",
            "variants": [
                "100",
                "100italic",
                "300",
                "300italic",
                "regular",
                "italic",
                "500",
                "500italic",
                "700",
                "700italic",
                "900",
                "900italic"
            ],
            "subsets": [
                "greek",
                "latin-ext",
                "latin",
                "vietnamese",
                "greek-ext",
                "cyrillic",
                "cyrillic-ext"
            ],
            "version": "v8",
            "lastModified": "2013-05-02",
            "files": {
                "100": "http://themes.googleusercontent.com/static/fonts/roboto/v8/7MygqTe2zs9YkP0adA9QQQ.ttf",
                "100italic": "http://themes.googleusercontent.com/static/fonts/roboto/v8/T1xnudodhcgwXCmZQ490TPesZW2xOQ-xsNqO47m55DA.ttf",
                "300": "http://themes.googleusercontent.com/static/fonts/roboto/v8/dtpHsbgPEm2lVWciJZ0P-A.ttf",
                "300italic": "http://themes.googleusercontent.com/static/fonts/roboto/v8/iE8HhaRzdhPxC93dOdA056CWcynf_cDxXwCLxiixG1c.ttf",
                "regular": "http://themes.googleusercontent.com/static/fonts/roboto/v8/W5F8_SL0XFawnjxHGsZjJA.ttf",
                "italic": "http://themes.googleusercontent.com/static/fonts/roboto/v8/hcKoSgxdnKlbH5dlTwKbow.ttf",
                "500": "http://themes.googleusercontent.com/static/fonts/roboto/v8/Uxzkqj-MIMWle-XP2pDNAA.ttf",
                "500italic": "http://themes.googleusercontent.com/static/fonts/roboto/v8/daIfzbEw-lbjMyv4rMUUTqCWcynf_cDxXwCLxiixG1c.ttf",
                "700": "http://themes.googleusercontent.com/static/fonts/roboto/v8/bdHGHleUa-ndQCOrdpfxfw.ttf",
                "700italic": "http://themes.googleusercontent.com/static/fonts/roboto/v8/owYYXKukxFDFjr0ZO8NXh6CWcynf_cDxXwCLxiixG1c.ttf",
                "900": "http://themes.googleusercontent.com/static/fonts/roboto/v8/H1vB34nOKWXqzKotq25pcg.ttf",
                "900italic": "http://themes.googleusercontent.com/static/fonts/roboto/v8/b9PWBSMHrT2zM5FgUdtu0aCWcynf_cDxXwCLxiixG1c.ttf"
            }
        },

        {
            "kind": "webfonts#webfont",
            "family": "Rokkitt",
            "variants": [
                "regular",
                "700"
            ],
            "subsets": [
                "latin"
            ],
            "version": "v5",
            "lastModified": "2012-07-25",
            "files": {
                "regular": "http://themes.googleusercontent.com/static/fonts/rokkitt/v5/GMA7Z_ToF8uSvpZAgnp_VQ.ttf",
                "700": "http://themes.googleusercontent.com/static/fonts/rokkitt/v5/gxlo-sr3rPmvgSixYog_ofesZW2xOQ-xsNqO47m55DA.ttf"
            }
        },

        {
            "kind": "webfonts#webfont",
            "family": "Satisfy",
            "variants": [
                "regular"
            ],
            "subsets": [
                "latin"
            ],
            "version": "v3",
            "lastModified": "2012-07-25",
            "files": {
                "regular": "http://themes.googleusercontent.com/static/fonts/satisfy/v3/PRlyepkd-JCGHiN8e9WV2w.ttf"
            }
        },

        {
            "kind": "webfonts#webfont",
            "family": "Shadows Into Light",
            "variants": [
                "regular"
            ],
            "subsets": [
                "latin"
            ],
            "version": "v3",
            "lastModified": "2012-07-25",
            "files": {
                "regular": "http://themes.googleusercontent.com/static/fonts/shadowsintolight/v3/clhLqOv7MXn459PTh0gXYAW_5bEze-iLRNvGrRpJsfM.ttf"
            }
        },
        {
            "kind": "webfonts#webfont",
            "family": "Shadows Into Light Two",
            "variants": [
                "regular"
            ],
            "subsets": [
                "latin-ext",
                "latin"
            ],
            "version": "v1",
            "lastModified": "2012-07-25",
            "files": {
                "regular": "http://themes.googleusercontent.com/static/fonts/shadowsintolighttwo/v1/gDxHeefcXIo-lOuZFCn2xVQrZk-Pga5KeEE_oZjkQjQ.ttf"
            }
        },

        {
            "kind": "webfonts#webfont",
            "family": "Sniglet",
            "variants": [
                "800"
            ],
            "subsets": [
                "latin"
            ],
            "version": "v3",
            "lastModified": "2012-07-25",
            "files": {
                "800": "http://themes.googleusercontent.com/static/fonts/sniglet/v3/NLF91nBmcEfkBgcEWbHFa_esZW2xOQ-xsNqO47m55DA.ttf"
            }
        },

        {
            "kind": "webfonts#webfont",
            "family": "Special Elite",
            "variants": [
                "regular"
            ],
            "subsets": [
                "latin"
            ],
            "version": "v3",
            "lastModified": "2012-07-25",
            "files": {
                "regular": "http://themes.googleusercontent.com/static/fonts/specialelite/v3/9-wW4zu3WNoD5Fjka35Jm4jjx0o0jr6fNXxPgYh_a8Q.ttf"
            }
        },

        {
            "kind": "webfonts#webfont",
            "family": "Source Code Pro",
            "variants": [
                "200",
                "300",
                "regular",
                "500",
                "600",
                "700",
                "900"
            ],
            "subsets": [
                "latin-ext",
                "latin"
            ],
            "version": "v3",
            "lastModified": "2013-01-23",
            "files": {
                "200": "http://themes.googleusercontent.com/static/fonts/sourcecodepro/v3/leqv3v-yTsJNC7nFznSMqaXvKVW_haheDNrHjziJZVk.ttf",
                "300": "http://themes.googleusercontent.com/static/fonts/sourcecodepro/v3/leqv3v-yTsJNC7nFznSMqVP7R5lD_au4SZC6Ks_vyWs.ttf",
                "regular": "http://themes.googleusercontent.com/static/fonts/sourcecodepro/v3/mrl8jkM18OlOQN8JLgasD9Rl0pGnog23EMYRrBmUzJQ.ttf",
                "500": "http://themes.googleusercontent.com/static/fonts/sourcecodepro/v3/leqv3v-yTsJNC7nFznSMqX63uKwMO11Of4rJWV582wg.ttf",
                "600": "http://themes.googleusercontent.com/static/fonts/sourcecodepro/v3/leqv3v-yTsJNC7nFznSMqeiMeWyi5E_-XkTgB5psiDg.ttf",
                "700": "http://themes.googleusercontent.com/static/fonts/sourcecodepro/v3/leqv3v-yTsJNC7nFznSMqfgXsetDviZcdR5OzC1KPcw.ttf",
                "900": "http://themes.googleusercontent.com/static/fonts/sourcecodepro/v3/leqv3v-yTsJNC7nFznSMqRA_awHl7mXRjE_LQVochcU.ttf"
            }
        },

        {
            "kind": "webfonts#webfont",
            "family": "Tangerine",
            "variants": [
                "regular",
                "700"
            ],
            "subsets": [
                "latin"
            ],
            "version": "v3",
            "lastModified": "2012-07-25",
            "files": {
                "regular": "http://themes.googleusercontent.com/static/fonts/tangerine/v3/DTPeM3IROhnkz7aYG2a9sA.ttf",
                "700": "http://themes.googleusercontent.com/static/fonts/tangerine/v3/UkFsr-RwJB_d2l9fIWsx3i3USBnSvpkopQaUR-2r7iU.ttf"
            }
        },

        {
            "kind": "webfonts#webfont",
            "family": "Tauri",
            "variants": [
                "regular"
            ],
            "subsets": [
                "latin-ext",
                "latin"
            ],
            "version": "v1",
            "lastModified": "2013-02-27",
            "files": {
                "regular": "http://themes.googleusercontent.com/static/fonts/tauri/v1/XIWeYJDXNqiVNej0zEqtGg.ttf"
            }
        },

        {
            "kind": "webfonts#webfont",
            "family": "The Girl Next Door",
            "variants": [
                "regular"
            ],
            "subsets": [
                "latin"
            ],
            "version": "v4",
            "lastModified": "2012-07-25",
            "files": {
                "regular": "http://themes.googleusercontent.com/static/fonts/thegirlnextdoor/v4/cWRA4JVGeEcHGcPl5hmX7kzo0nFFoM60ux_D9BUymX4.ttf"
            }
        },

        {
            "kind": "webfonts#webfont",
            "family": "Trocchi",
            "variants": [
                "regular"
            ],
            "subsets": [
                "latin-ext",
                "latin"
            ],
            "version": "v1",
            "lastModified": "2012-07-25",
            "files": {
                "regular": "http://themes.googleusercontent.com/static/fonts/trocchi/v1/uldNPaKrUGVeGCVsmacLwA.ttf"
            }
        },

        {
            "kind": "webfonts#webfont",
            "family": "Ubuntu",
            "variants": [
                "300",
                "300italic",
                "regular",
                "italic",
                "500",
                "500italic",
                "700",
                "700italic"
            ],
            "subsets": [
                "greek",
                "latin-ext",
                "latin",
                "greek-ext",
                "cyrillic",
                "cyrillic-ext"
            ],
            "version": "v4",
            "lastModified": "2012-07-25",
            "files": {
                "300": "http://themes.googleusercontent.com/static/fonts/ubuntu/v4/7-wH0j2QCTHKgp7vLh9-sQ.ttf",
                "300italic": "http://themes.googleusercontent.com/static/fonts/ubuntu/v4/j-TYDdXcC_eQzhhp386SjaCWcynf_cDxXwCLxiixG1c.ttf",
                "regular": "http://themes.googleusercontent.com/static/fonts/ubuntu/v4/lhhB5ZCwEkBRbHMSnYuKyA.ttf",
                "italic": "http://themes.googleusercontent.com/static/fonts/ubuntu/v4/b9hP8wd30SygxZjGGk4DCQ.ttf",
                "500": "http://themes.googleusercontent.com/static/fonts/ubuntu/v4/bMbHEMwSUmkzcK2x_74QbA.ttf",
                "500italic": "http://themes.googleusercontent.com/static/fonts/ubuntu/v4/NWdMogIO7U6AtEM4dDdf_aCWcynf_cDxXwCLxiixG1c.ttf",
                "700": "http://themes.googleusercontent.com/static/fonts/ubuntu/v4/B7BtHjNYwAp3HgLNagENOQ.ttf",
                "700italic": "http://themes.googleusercontent.com/static/fonts/ubuntu/v4/pqisLQoeO9YTDCNnlQ9bf6CWcynf_cDxXwCLxiixG1c.ttf"
            }
        },

        {
            "kind": "webfonts#webfont",
            "family": "UnifrakturCook",
            "variants": [
                "700"
            ],
            "subsets": [
                "latin"
            ],
            "version": "v5",
            "lastModified": "2012-07-25",
            "files": {
                "700": "http://themes.googleusercontent.com/static/fonts/unifrakturcook/v5/ASwh69ykD8iaoYijVEU6RrWZkcsCTHKV51zmcUsafQ0.ttf"
            }
        },
        {
            "kind": "webfonts#webfont",
            "family": "UnifrakturMaguntia",
            "variants": [
                "regular"
            ],
            "subsets": [
                "latin"
            ],
            "version": "v4",
            "lastModified": "2012-07-25",
            "files": {
                "regular": "http://themes.googleusercontent.com/static/fonts/unifrakturmaguntia/v4/7KWy3ymCVR_xfAvvcIXm3-kdNg30GQauG_DE-tMYtWk.ttf"
            }
        },

        {
            "kind": "webfonts#webfont",
            "family": "Vollkorn",
            "variants": [
                "regular",
                "italic",
                "700",
                "700italic"
            ],
            "subsets": [
                "latin"
            ],
            "version": "v3",
            "lastModified": "2012-07-25",
            "files": {
                "regular": "http://themes.googleusercontent.com/static/fonts/vollkorn/v3/IiexqYAeh8uII223thYx3w.ttf",
                "italic": "http://themes.googleusercontent.com/static/fonts/vollkorn/v3/UuIzosgR1ovBhJFdwVp3fvesZW2xOQ-xsNqO47m55DA.ttf",
                "700": "http://themes.googleusercontent.com/static/fonts/vollkorn/v3/gOwQjJVGXlDOONC12hVoBqCWcynf_cDxXwCLxiixG1c.ttf",
                "700italic": "http://themes.googleusercontent.com/static/fonts/vollkorn/v3/KNiAlx6phRqXCwnZZG51JAJKKGfqHaYFsRG-T3ceEVo.ttf"
            }
        },

        {
            "kind": "webfonts#webfont",
            "family": "Wendy One",
            "variants": [
                "regular"
            ],
            "subsets": [
                "latin-ext",
                "latin"
            ],
            "version": "v1",
            "lastModified": "2012-12-14",
            "files": {
                "regular": "http://themes.googleusercontent.com/static/fonts/wendyone/v1/R8CJT2oDXdMk_ZtuHTxoxw.ttf"
            }
        },

        {
            "kind": "webfonts#webfont",
            "family": "Yanone Kaffeesatz",
            "variants": [
                "200",
                "300",
                "regular",
                "700"
            ],
            "subsets": [
                "latin-ext",
                "latin"
            ],
            "version": "v4",
            "lastModified": "2012-07-25",
            "files": {
                "200": "http://themes.googleusercontent.com/static/fonts/yanonekaffeesatz/v4/We_iSDqttE3etzfdfhuPRbq92v6XxU4pSv06GI0NsGc.ttf",
                "300": "http://themes.googleusercontent.com/static/fonts/yanonekaffeesatz/v4/We_iSDqttE3etzfdfhuPRZlIwXPiNoNT_wxzJ2t3mTE.ttf",
                "regular": "http://themes.googleusercontent.com/static/fonts/yanonekaffeesatz/v4/YDAoLskQQ5MOAgvHUQCcLdXn3cHbFGWU4T2HrSN6JF4.ttf",
                "700": "http://themes.googleusercontent.com/static/fonts/yanonekaffeesatz/v4/We_iSDqttE3etzfdfhuPRf2R4S6PlKaGXWPfWpHpcl0.ttf"
            }
        }
    ]
}